C,chords_000_0_0.png
C+,chords_000_0_1.png
Cm,chords_000_0_2.png
C dim,chords_000_1_0.png
C sus,chords_000_1_1.png
C4,chords_000_1_2.png
C6,chords_000_2_0.png
Cma7,chords_000_2_1.png
Cm7,chords_000_2_2.png
C7,chords_000_3_0.png
Cm (#5),chords_000_3_1.png
C5,chords_000_3_2.png
C2,chords_001_0_0.png
Cm2,chords_001_0_1.png
Cm4,chords_001_0_2.png
Cm6,chords_001_1_0.png
Cm (ma7),chords_001_1_1.png
C7 sus,chords_001_1_2.png
Cma7 (b5),chords_001_2_0.png
Cma7 (#5),chords_001_2_1.png
Cm7 (b5),chords_001_2_2.png
C dim 7,chords_001_3_0.png
C7 (b5),chords_001_3_1.png
C7 (#5),chords_001_3_2.png
Db,chords_002_0_0.png
Db +,chords_002_0_1.png
Db m,chords_002_0_2.png
Db dim,chords_002_1_0.png
Db sus,chords_002_1_1.png
Db 4,chords_002_1_2.png
Db 6,chords_002_2_0.png
Db ma7,chords_002_2_1.png
Db m7,chords_002_2_2.png
Db 7,chords_002_3_0.png
Db m (#5),chords_002_3_1.png
Db 5,chords_002_3_2.png
Db 2,chords_003_0_0.png
Db m2,chords_003_0_1.png
Db m4,chords_003_0_2.png
Db m6,chords_003_1_0.png
Db m (ma7),chords_003_1_1.png
Db 7 sus,chords_003_1_2.png
Db ma7 (b5),chords_003_2_0.png
Db ma7 (#5),chords_003_2_1.png
Db m7 (b5),chords_003_2_2.png
Db dim 7,chords_003_3_0.png
Db 7 (b5),chords_003_3_1.png
Db 7 (#5),chords_003_3_2.png
D,chords_004_0_0.png
D+,chords_004_0_1.png
Dm,chords_004_0_2.png
D dim,chords_004_1_0.png
D sus,chords_004_1_1.png
D4,chords_004_1_2.png
D6,chords_004_2_0.png
Dma7,chords_004_2_1.png
Dm7,chords_004_2_2.png
D7,chords_004_3_0.png
Dm (#5),chords_004_3_1.png
D5,chords_004_3_2.png
D2,chords_005_0_0.png
Dm2,chords_005_0_1.png
Dm4,chords_005_0_2.png
Dm6,chords_005_1_0.png
Dm (ma7),chords_005_1_1.png
D7 sus,chords_005_1_2.png
Dma7 (b5),chords_005_2_0.png
Dma7 (#5),chords_005_2_1.png
Dm7 (b5),chords_005_2_2.png
D dim 7,chords_005_3_0.png
D7 (b5),chords_005_3_1.png
D7 (#5),chords_005_3_2.png
Eb,chords_006_0_0.png
Eb +,chords_006_0_1.png
Eb m,chords_006_0_2.png
Eb dim,chords_006_1_0.png
Eb sus,chords_006_1_1.png
Eb 4,chords_006_1_2.png
Eb 6,chords_006_2_0.png
Eb ma7,chords_006_2_1.png
Eb m7,chords_006_2_2.png
Eb 7,chords_006_3_0.png
Eb m (#5),chords_006_3_1.png
Eb 5,chords_006_3_2.png
Eb 2,chords_007_0_0.png
Eb m2,chords_007_0_1.png
Eb m4,chords_007_0_2.png
Eb m6,chords_007_1_0.png
Eb m (ma7),chords_007_1_1.png
Eb 7 sus,chords_007_1_2.png
Eb ma7 (b5),chords_007_2_0.png
Eb ma7 (#5),chords_007_2_1.png
Eb m7 (b5),chords_007_2_2.png
Eb dim 7,chords_007_3_0.png
Eb 7 (b5),chords_007_3_1.png
Eb 7 (#5),chords_007_3_2.png
E,chords_008_0_0.png
E+,chords_008_0_1.png
Em,chords_008_0_2.png
E dim,chords_008_1_0.png
E sus,chords_008_1_1.png
E4,chords_008_1_2.png
E6,chords_008_2_0.png
Ema7,chords_008_2_1.png
Em7,chords_008_2_2.png
E7,chords_008_3_0.png
Em (#5),chords_008_3_1.png
E5,chords_008_3_2.png
E2,chords_009_0_0.png
Em2,chords_009_0_1.png
Em4,chords_009_0_2.png
Em6,chords_009_1_0.png
Em (ma7),chords_009_1_1.png
E7 sus,chords_009_1_2.png
Ema7 (b5),chords_009_2_0.png
Ema7 (#5),chords_009_2_1.png
Em7 (b5),chords_009_2_2.png
E dim 7,chords_009_3_0.png
E7 (b5),chords_009_3_1.png
E7 (#5),chords_009_3_2.png
F,chords_010_0_0.png
F+,chords_010_0_1.png
Fm,chords_010_0_2.png
F dim,chords_010_1_0.png
F sus,chords_010_1_1.png
F4,chords_010_1_2.png
F6,chords_010_2_0.png
Fma7,chords_010_2_1.png
Fm7,chords_010_2_2.png
F7,chords_010_3_0.png
Fm (#5),chords_010_3_1.png
F5,chords_010_3_2.png
F2,chords_011_0_0.png
Fm2,chords_011_0_1.png
Fm4,chords_011_0_2.png
Fm6,chords_011_1_0.png
Fm (ma7),chords_011_1_1.png
F7 sus,chords_011_1_2.png
Fma7 (b5),chords_011_2_0.png
Fma7 (#5),chords_011_2_1.png
Fm7 (b5),chords_011_2_2.png
F dim 7,chords_011_3_0.png
F7 (b5),chords_011_3_1.png
F7 (#5),chords_011_3_2.png
F#,chords_012_0_0.png
F# +,chords_012_0_1.png
F# m,chords_012_0_2.png
F# dim,chords_012_1_0.png
F# sus,chords_012_1_1.png
F# 4,chords_012_1_2.png
F# 6,chords_012_2_0.png
F# ma7,chords_012_2_1.png
F# m7,chords_012_2_2.png
F# 7,chords_012_3_0.png
F# m (#5),chords_012_3_1.png
F# 5,chords_012_3_2.png
F# 2,chords_013_0_0.png
F# m2,chords_013_0_1.png
F# m4,chords_013_0_2.png
F# m6,chords_013_1_0.png
F# m (ma7),chords_013_1_1.png
F# 7 sus,chords_013_1_2.png
F# ma7 (b5),chords_013_2_0.png
F# ma7 (#5),chords_013_2_1.png
F# m7 (b5),chords_013_2_2.png
F# dim 7,chords_013_3_0.png
F# 7 (b5),chords_013_3_1.png
F# 7 (#5),chords_013_3_2.png
G,chords_014_0_0.png
G+,chords_014_0_1.png
Gm,chords_014_0_2.png
G dim,chords_014_1_0.png
G sus,chords_014_1_1.png
G4,chords_014_1_2.png
G6,chords_014_2_0.png
Gma7,chords_014_2_1.png
Gm7,chords_014_2_2.png
G7,chords_014_3_0.png
Gm (#5),chords_014_3_1.png
G5,chords_014_3_2.png
G2,chords_015_0_0.png
Gm2,chords_015_0_1.png
Gm4,chords_015_0_2.png
Gm6,chords_015_1_0.png
Gm (ma7),chords_015_1_1.png
G7 sus,chords_015_1_2.png
Gma7 (b5),chords_015_2_0.png
Gma7 (#5),chords_015_2_1.png
Gm7 (b5),chords_015_2_2.png
G dim 7,chords_015_3_0.png
G7 (b5),chords_015_3_1.png
G7 (#5),chords_015_3_2.png
Ab,chords_016_0_0.png
Ab +,chords_016_0_1.png
Ab m,chords_016_0_2.png
Ab dim,chords_016_1_0.png
Ab sus,chords_016_1_1.png
Ab 4,chords_016_1_2.png
Ab 6,chords_016_2_0.png
Ab ma7,chords_016_2_1.png
Ab m7,chords_016_2_2.png
Ab 7,chords_016_3_0.png
Ab m (#5),chords_016_3_1.png
Ab 5,chords_016_3_2.png
Ab 2,chords_017_0_0.png
Ab m2,chords_017_0_1.png
Ab m4,chords_017_0_2.png
Ab m6,chords_017_1_0.png
Ab m (ma7),chords_017_1_1.png
Ab 7 sus,chords_017_1_2.png
Ab ma7 (b5),chords_017_2_0.png
Ab ma7 (#5),chords_017_2_1.png
Ab m7 (b5),chords_017_2_2.png
Ab dim 7,chords_017_3_0.png
Ab 7 (b5),chords_017_3_1.png
Ab 7 (#5),chords_017_3_2.png
A,chords_018_0_0.png
A+,chords_018_0_1.png
Am,chords_018_0_2.png
A dim,chords_018_1_0.png
A sus,chords_018_1_1.png
A4,chords_018_1_2.png
A6,chords_018_2_0.png
Ama7,chords_018_2_1.png
Am7,chords_018_2_2.png
A7,chords_018_3_0.png
Am (#5),chords_018_3_1.png
A5,chords_018_3_2.png
A2,chords_019_0_0.png
Am2,chords_019_0_1.png
Am4,chords_019_0_2.png
Am6,chords_019_1_0.png
Am (ma7),chords_019_1_1.png
A7 sus,chords_019_1_2.png
Ama7 (b5),chords_019_2_0.png
Ama7 (#5),chords_019_2_1.png
Am7 (b5),chords_019_2_2.png
A dim 7,chords_019_3_0.png
A7 (b5),chords_019_3_1.png
A7 (#5),chords_019_3_2.png
Bb,chords_020_0_0.png
Bb +,chords_020_0_1.png
Bb m,chords_020_0_2.png
Bb dim,chords_020_1_0.png
Bb sus,chords_020_1_1.png
Bb 4,chords_020_1_2.png
Bb 6,chords_020_2_0.png
Bb ma7,chords_020_2_1.png
Bb m7,chords_020_2_2.png
Bb 7,chords_020_3_0.png
Bb m (#5),chords_020_3_1.png
Bb 5,chords_020_3_2.png
Bb 2,chords_021_0_0.png
Bb m2,chords_021_0_1.png
Bb m4,chords_021_0_2.png
Bb m6,chords_021_1_0.png
Bb m (ma7),chords_021_1_1.png
Bb 7 sus,chords_021_1_2.png
Bb ma7 (b5),chords_021_2_0.png
Bb ma7 (#5),chords_021_2_1.png
Bb m7 (b5),chords_021_2_2.png
Bb dim 7,chords_021_3_0.png
Bb 7 (b5),chords_021_3_1.png
Bb 7 (#5),chords_021_3_2.png
B,chords_022_0_0.png
B+,chords_022_0_1.png
Bm,chords_022_0_2.png
B dim,chords_022_1_0.png
B sus,chords_022_1_1.png
B4,chords_022_1_2.png
B6,chords_022_2_0.png
Bma7,chords_022_2_1.png
Bm7,chords_022_2_2.png
B7,chords_022_3_0.png
Bm (#5),chords_022_3_1.png
B5,chords_022_3_2.png
B2,chords_023_0_0.png
Bm2,chords_023_0_1.png
Bm4,chords_023_0_2.png
Bm6,chords_023_1_0.png
Bm (ma7),chords_023_1_1.png
B7 sus,chords_023_1_2.png
Bma7 (b5),chords_023_2_0.png
Bma7 (#5),chords_023_2_1.png
Bm7 (b5),chords_023_2_2.png
B dim 7,chords_023_3_0.png
B7 (b5),chords_023_3_1.png
B7 (#5),chords_023_3_2.png
C/D,chords_024_0_0.png
C/E,chords_024_0_1.png
C/F,chords_024_0_2.png
C/G,chords_024_1_0.png
C/Ab,chords_024_1_1.png
C/A,chords_024_1_2.png
C/Bb,chords_024_2_0.png
C/B,chords_024_2_1.png
C6/9,chords_024_2_2.png
Cm4/6,chords_024_3_0.png
Cm6/9,chords_024_3_1.png
C7/E,chords_024_3_2.png
c,note-do-sur-un-piano.png
d,note-re-sur-un-piano.png
e,note-mi-sur-un-piano.png
f,note-fa-sur-un-piano.png
g,note-sol-sur-un-piano.png
a,note-la-sur-un-piano.png
b,note-si-sur-un-piano.png
